{
  "initial_capital": 100000,
  "final_cash": 427.2037014809436,
  "position_value": 136584.44980637758,
  "final_portfolio_value": 137011.65350785851,
  "total_return": 37.01165350785852,
  "total_trades": 25538,
  "buy_trades": 13635,
  "sell_trades": 8038,
  "avg_trade_value": 92.2682234167413
}